sygic_travel_id,rating            ,lat       ,lng       ,name                                             ,marker                                 ,perex                                                                                                                                         ,thumbnail_url                                           ,categories
poi:7543       ,0.18708264686918  ,55.2402582,-6.5122852,Giant's Causeway                                 ,hiking:monument                        ,"The Giant's Causeway is an area of about 40,000 interlocking basalt columns, the result of an ancient volcanic fissure eruption."            ,https://media-cdn.sygictraveldata.com/media/poi:7543    ,"hiking,sightseeing,discovering"
poi:36739      ,0.13004045677787  ,54.6081128,-5.9098558,Titanic Belfast                                  ,sightseeing:architecture:modern        ,"Titanic Belfast is a visitor attraction opened in 2012, a monument to Belfast's maritime heritage on the site of the former Harland & Wolff…",https://media-cdn.sygictraveldata.com/media/poi:36739   ,"sightseeing,discovering"
poi:36740      ,0.11262291289581  ,55.239575 ,-6.3325146,Carrick-a-rede Rope Bridge                       ,sightseeing:bridge                     ,"Carrick-a-Rede Rope Bridge is a famous rope bridge near Ballintoy in County Antrim, Northern Ireland."                                       ,https://media-cdn.sygictraveldata.com/media/poi:36740   ,"hiking,sightseeing"
poi:55993      ,0.10905485179421  ,55.1346987,-6.3815826,The Dark Hedges                                  ,hiking:viewpoint                       ,"Considered to be the most iconic natural phenomenon in Northern Ireland and a popular tourist spot, this scenic road lined by beech trees…"  ,https://media-cdn.sygictraveldata.com/media/poi:55993   ,"hiking,sightseeing"
poi:56018      ,0.096531331136783 ,54.5964319,-5.9299266,Belfast City Hall                                ,sightseeing:town_hall:city_hall        ,"Built in Baroque Revival style, this civic building features several statues, portraits and memorials worth seeing."                         ,https://media-cdn.sygictraveldata.com/media/poi:56018   ,sightseeing
poi:55150      ,0.077342102623725 ,55.2108535,-6.5793477,Dunluce Castle                                   ,sightseeing:castle                     ,"Dunluce Castle is a now-ruined medieval castle in Northern Ireland. It is located on the edge of a basalt outcropping in County Antrim, and…",https://media-cdn.sygictraveldata.com/media/poi:55150   ,"hiking,sightseeing"
poi:56022      ,0.061886800876539 ,54.599771 ,-5.945954 ,The International Wall                           ,sightseeing:art:mural                  ,"Murals in Northern Ireland have become symbols of Northern Ireland, depicting the region's past and present political and religious…"        ,https://media-cdn.sygictraveldata.com/media/poi:56022   ,"discovering,sightseeing"
poi:56020      ,0.057539476878826 ,54.5958515,-5.9220133,Saint George's Market                            ,shopping:centre:district               ,"St George's Market is the last surviving Victorian covered market in Belfast, Northern Ireland."                                             ,https://media-cdn.sygictraveldata.com/media/poi:56020   ,"eating,shopping,sightseeing"
poi:36750      ,0.056756358211777 ,54.6427748,-5.9421841,Belfast Castle                                   ,relaxing:park:garden                   ,"Recently renovated, this castle is a gem dominating the landscape. If not interested in monuments, come here at least for the great views."  ,https://media-cdn.sygictraveldata.com/media/poi:36750   ,"hiking,sightseeing,relaxing"
poi:47860      ,0.052717426954019 ,54.6027764,-5.9286418,Saint Anne's Cathedral                           ,other:place_of_worship:church:cathedral,"St Anne's Cathedral, also known as Belfast Cathedral, is a cathedral of the Church of Ireland in Donegall Street, Belfast, Northern Ireland.",https://media-cdn.sygictraveldata.com/media/poi:47860   ,sightseeing
poi:47856      ,0.048150801997549 ,54.6008536,-5.9243781,Albert Memorial Clock                            ,sightseeing:landmark                   ,"The Albert Memorial Clock is a clock tower situated at Queen's Square in Belfast, Northern Ireland."                                         ,https://media-cdn.sygictraveldata.com/media/poi:47856   ,sightseeing
poi:7587       ,0.042395245244799 ,54.6095319,-5.9421769,Crumlin Road Gaol                                ,other:building:convention_centre       ,"HMP Belfast, also known as Crumlin Road Gaol, is a former prison situated on the Crumlin Road in north Belfast, Northern Ireland."           ,https://media-cdn.sygictraveldata.com/media/poi:7587    ,"discovering,sightseeing"
poi:3977841    ,0.039904774762084 ,55.1677527,-6.8109594,Mussenden Temple                                 ,other:place_of_worship:temple          ,                                                                                                                                              ,https://media-cdn.sygictraveldata.com/media/poi:3977841 ,sightseeing
poi:56003      ,0.038760548934179 ,54.7997441,-5.8319369,Glenoe Waterfall                                 ,hiking:park:nature                     ,"Enjoy a walk up the narrow path and marvel at this charming waterfall with crystal clear water, situated in the hills just outside the…"     ,https://media-cdn.sygictraveldata.com/media/poi:56003   ,"hiking,sightseeing"
poi:64250      ,0.036519911080323 ,54.5922063,-5.9617411,Falls Road                                       ,sightseeing:art:artwork                ,"The Falls Road is the main road through west Belfast, Northern Ireland, running from Divis Street in Belfast city centre to Andersonstown…"  ,https://media-cdn.sygictraveldata.com/media/poi:64250   ,"discovering,sightseeing"
poi:55995      ,0.035073834432114 ,55.2017849,-6.5207306,Old Bushmills Distillery                         ,sightseeing:distillery                 ,"The Old Bushmills Distillery is a distillery in Bushmills, County Antrim, Northern Ireland."                                                 ,https://media-cdn.sygictraveldata.com/media/poi:55995   ,"eating,sightseeing"
poi:47858      ,0.028807102193011 ,54.5946685,-5.9341122,Crown Liquor Saloon                              ,going_out:bar                          ,"The Crown Liquor Saloon, also known as the Crown Bar, is a pub in Great Victoria Street in Belfast, Northern Ireland."                       ,https://media-cdn.sygictraveldata.com/media/poi:47858   ,"going_out,sightseeing"
poi:47857      ,0.02865004443392  ,54.5811162,-5.9316869,Botanic Gardens                                  ,hiking:park:nature                     ,"Botanic Gardens is a public garden in Belfast, Northern Ireland."                                                                            ,https://media-cdn.sygictraveldata.com/media/poi:47857   ,"hiking,relaxing,discovering"
poi:47859      ,0.02762001038362  ,54.5953762,-5.934782 ,Grand Opera House                                ,going_out:opera                        ,"The Grand Opera House is a theatre in Belfast, Northern Ireland, designed by the most prolific theatre architect of the period, Frank…"      ,https://media-cdn.sygictraveldata.com/media/poi:47859   ,"going_out,sightseeing"
poi:8278       ,0.02577677111981  ,55.0212813,-7.9847115,Glenveagh National Park                          ,hiking:park:national                   ,Glenveagh is the second largest national park in Ireland. National parks in Ireland conform to IUCN standards.                                ,https://media-cdn.sygictraveldata.com/media/poi:8278    ,hiking
poi:55999      ,0.025717735497327 ,54.9942412,-7.3208558,Walled City                                      ,sightseeing:city_wall                  ,"Built in early 17th century, these these fortifications are the youngest between European city walls and therefore today the most complete." ,https://media-cdn.sygictraveldata.com/media/poi:55999   ,sightseeing
poi:56004      ,0.024257508840381 ,54.7134248,-5.8062477,Carrickfergus Castle                             ,discovering:museum                     ,"Visit this Norman castle dating back to the 12th century, and marvel at its rather well preserved medieval structure, marked by a long…"     ,https://media-cdn.sygictraveldata.com/media/poi:56004   ,"discovering,hiking,sightseeing"
poi:7612       ,0.022508698855456 ,54.166667 ,-6.083333 ,Mourne Mountains                                 ,hiking:mountains                       ,"The Mourne Mountains, also called the Mournes or Mountains of Mourne, are a granite mountain range in County Down in the south-east of…"     ,https://media-cdn.sygictraveldata.com/media/poi:7612    ,"hiking,sightseeing"
poi:16142      ,0.020623854089508 ,54.3729686,-5.5787741,Castle Ward                                      ,sightseeing:castle                     ,Learn about life in the Victorian era at this splendorous mansion. Note how Gothic clashes with Classical style here.                         ,https://media-cdn.sygictraveldata.com/media/poi:16142   ,"hiking,sightseeing"
poi:56002      ,0.0205161491359   ,54.966179 ,-5.956241 ,Glenarm Castle                                   ,relaxing:park:garden                   ,"First built in 1636, this beautiful castle is the home of Viscount and Viscountess Dunluce and their family, and thus it is open to the…"    ,https://media-cdn.sygictraveldata.com/media/poi:56002   ,"hiking,sightseeing,relaxing"
poi:7659       ,0.019279392819556 ,54.5822855,-5.9353252,Ulster Museum                                    ,discovering:museum                     ,"A large museum, with collection raging from arts to sciences. Prefers a hands-on approach - entertaining for both adults and children."      ,https://media-cdn.sygictraveldata.com/media/poi:7659    ,discovering
poi:7698       ,0.019075503248117 ,54.1802564,-5.9207109,Slieve Donard                                    ,hiking:park:nature                     ,"Slieve Donard is the highest mountain in Northern Ireland and the wider province of Ulster, with a height of 850 metres."                    ,https://media-cdn.sygictraveldata.com/media/poi:7698    ,hiking
poi:5692309    ,0.018178534091662 ,55.0238248,-7.427699 ,Grianan of Aileach                               ,sightseeing:archaeological_site        ,                                                                                                                                              ,https://media-cdn.sygictraveldata.com/media/poi:5692309 ,sightseeing
poi:3167858    ,0.017749125233588 ,54.7810549,-5.7080941,Gobbins Visitor Centre                           ,sightseeing                            ,"The Gobbins is a cliff-face path at Islandmagee, County Antrim, Northern Ireland, on the Causeway Coastal Route."                            ,https://media-cdn.sygictraveldata.com/media/poi:3167858 ,sightseeing
poi:7815       ,0.017190151251399 ,54.2585692,-7.8130913,Marble Arch Caves                                ,hiking:cave                            ,"The Marble Arch Caves are a series of natural limestone caves located near the village of Florencecourt in County Fermanagh, Northern…"      ,https://media-cdn.sygictraveldata.com/media/poi:7815    ,"hiking,sightseeing"
poi:56000      ,0.016388206813766 ,55.1258273,-6.0416651,Cushendun                                        ,destination:village                    ,"Cushendun is a small coastal village in County Antrim, Northern Ireland. It sits off the A2 coast road between Cushendall and Ballycastle."  ,https://media-cdn.sygictraveldata.com/media/poi:56000   ,"relaxing,sightseeing"
poi:3374577    ,0.016107190662892 ,55.2383854,-6.4479454,Dunseverick Castle                               ,sightseeing:castle:ruins               ,                                                                                                                                              ,https://media-cdn.sygictraveldata.com/media/poi:3374577 ,"hiking,sightseeing"
poi:56010      ,0.015116237657311 ,54.6063532,-5.9111461,SS Nomadic                                       ,discovering:museum                     ,"This steamship is not only old more than a hundred years, but it is also the last White Star Line ship in the world."                        ,https://media-cdn.sygictraveldata.com/media/poi:56010   ,"discovering,sightseeing"
poi:3652586    ,0.014881600960455 ,54.8813871,-6.0973573,Slemish                                          ,hiking:mountains:peak                  ,"Slemish, historically called Slieve Mish, is a small mountain in County Antrim, Northern Ireland."                                           ,https://media-cdn.sygictraveldata.com/media/poi:3652586 ,"hiking,sightseeing"
poi:56012      ,0.014798159500867 ,54.60469  ,-5.832297 ,"Parliament Buildings, Stormont"                 ,sightseeing                            ,"Parliament Buildings, often referred to as Stormont because of its location in the Stormont Estate area of Belfast, is the seat of the…"     ,https://media-cdn.sygictraveldata.com/media/poi:56012   ,sightseeing
poi:15289145   ,0.014589161306721 ,55.2293931,-6.2912799,Kinbane Castle                                   ,sightseeing:ruins                      ,                                                                                                                                              ,https://media-cdn.sygictraveldata.com/media/poi:15289145,"hiking,sightseeing"
poi:3668139    ,0.014536525815623 ,54.7669043,-5.6889689,Blackhead Lighthouse                             ,sightseeing:lighthouse                 ,"Blackhead Lighthouse is a listed lighthouse built at the turn of the 20th century, near Whitehead in County Antrim, Northern Ireland."       ,https://media-cdn.sygictraveldata.com/media/poi:3668139 ,sightseeing
poi:10484737   ,0.013888606811581 ,55.0362032,-7.9685937,Glenveagh Castle                                 ,sightseeing:castle                     ,                                                                                                                                              ,https://media-cdn.sygictraveldata.com/media/poi:10484737,"hiking,sightseeing"
poi:18695039   ,0.013849866199127 ,54.6135388,-5.9027993,HMS Caroline                                     ,sightseeing:ship                       ,                                                                                                                                              ,https://media-cdn.sygictraveldata.com/media/poi:18695039,sightseeing
poi:3815925    ,0.013480769230769 ,54.8254699,-7.4632849,Gray's Printing Press                            ,sightseeing:monument                   ,                                                                                                                                              ,https://media-cdn.sygictraveldata.com/media/poi:3815925 ,sightseeing
poi:21635351   ,0.012242160812378 ,54.5961232,-5.9309131,Cenotaph                                         ,sightseeing:memorial:war               ,                                                                                                                                              ,https://media-cdn.sygictraveldata.com/media/poi:21635351,sightseeing
poi:8287       ,0.012065964858384 ,54.6092372,-7.8717917,Saint Patrick's Basilica                         ,other:place_of_worship                 ,"St Patrick's Purgatory is an ancient pilgrimage site on Station Island in Lough Derg, County Donegal, Ireland."                              ,https://media-cdn.sygictraveldata.com/media/poi:8287    ,sightseeing
poi:3932590    ,0.011528846153846 ,54.2964313,-7.6413172,Sheelin Lace Museum                              ,discovering:museum                     ,                                                                                                                                              ,                                                        ,"discovering,sightseeing"
poi:20490923   ,0.011437462985851 ,55.124288 ,-6.037223 ,Caves of Cushendun                               ,hiking:cave                            ,                                                                                                                                              ,https://media-cdn.sygictraveldata.com/media/poi:20490923,sightseeing
poi:17548026   ,0.011258485356025 ,54.3462287,-7.6445328,Enniskillen Castle                               ,sightseeing:castle                     ,"Enniskillen Castle is situated in Enniskillen, County Fermanagh, Northern Ireland."                                                          ,https://media-cdn.sygictraveldata.com/media/poi:17548026,"hiking,sightseeing"
poi:56796      ,0.011141538347559 ,54.2626302,-5.8453874,Dundrum Castle                                   ,sightseeing:castle                     ,"Dundrum Castle is a castle, situated above the town of Dundrum, County Down, Northern Ireland, not to be confused with Dundrum Castle in…"   ,https://media-cdn.sygictraveldata.com/media/poi:56796   ,"hiking,sightseeing"
poi:3728593    ,0.011117716303708 ,54.9003967,-5.8516977,Polar Bear                                       ,sightseeing                            ,                                                                                                                                              ,                                                        ,sightseeing
poi:3889854    ,0.011086350152902 ,54.1111853,-6.279721 ,Narrow Water Keep                                ,sightseeing:castle                     ,                                                                                                                                              ,https://media-cdn.sygictraveldata.com/media/poi:3889854 ,"hiking,sightseeing"
poi:56199      ,0.011061771410218 ,54.5974004,-5.9199198,Waterfront Hall                                  ,sightseeing:architecture:modern        ,"Belfast Waterfront is a multi-purpose conference and entertainment centre, in Belfast, Northern Ireland, designed by local architects' firm…",https://media-cdn.sygictraveldata.com/media/poi:56199   ,"sightseeing,going_out"
poi:56024      ,0.010638963512599 ,54.6011823,-5.9213734,Lagan Weir                                       ,sightseeing                            ,"The Lagan Weir, completed in 1994 at a cost of £14m, is located in Belfast, Northern Ireland and crosses the River Lagan between the Queen…" ,https://media-cdn.sygictraveldata.com/media/poi:56024   ,sightseeing
poi:56027      ,0.010442900581223 ,54.5402583,-5.9501665,Giants Ring                                      ,hiking:park:nature                     ,"The Giant's Ring is a henge monument at Ballynahatty, near Shaw's Bridge, Belfast, Northern Ireland."                                        ,https://media-cdn.sygictraveldata.com/media/poi:56027   ,"hiking,sightseeing"
poi:8016       ,0.010381314190102 ,54.6566956,-5.9432235,Belfast Zoo                                      ,discovering:zoo                        ,"Belfast Zoological Gardens is a zoo in Belfast, Northern Ireland. It is located in a relatively secluded location on the northeastern slope…",https://media-cdn.sygictraveldata.com/media/poi:8016    ,"hiking,discovering,playing"
poi:56001      ,0.010224183896587 ,55.0194326,-6.1173499,Glenariff Forest Park                            ,sleeping:camp_site                     ,"Glenariff Forest Park is an 1185 hectare forest in County Antrim, Northern Ireland. It is part of Glenariff glen itself."                    ,https://media-cdn.sygictraveldata.com/media/poi:56001   ,"hiking,sleeping"
poi:56005      ,0.0099612535521549,54.3477796,-6.6561846,Saint Patrick's Cathedral (Church of Ireland)    ,other:place_of_worship:church          ,"St Patrick's Cathedral, Armagh is the seat of the Archbishop of Armagh in the Church of Ireland. It is located in Armagh, Northern Ireland." ,https://media-cdn.sygictraveldata.com/media/poi:56005   ,sightseeing
poi:55994      ,0.0095106889354277,55.2198043,-6.5426003,Portballintrae Beach                             ,relaxing:beach:sandy                   ,"Portballintrae is a small seaside village in County Antrim, Northern Ireland."                                                               ,https://media-cdn.sygictraveldata.com/media/poi:55994   ,"relaxing,hiking"
poi:64244      ,0.0093190747123733,54.9939151,-7.3230308,Saint Columb's Cathedral                         ,other:place_of_worship:church:cathedral,                                                                                                                                              ,https://media-cdn.sygictraveldata.com/media/poi:64244   ,sightseeing
poi:3808289    ,0.0092894384885272,54.6037452,-5.9142551,SSE Arena                                        ,sightseeing                            ,"The SSE Arena is a sports and entertainment complex located within the Titanic Quarter in Belfast, Northern Ireland."                        ,https://media-cdn.sygictraveldata.com/media/poi:3808289 ,sightseeing
poi:25715761   ,0.009184917832771 ,54.6136524,-6.4178304,Lough Neagh                                      ,sightseeing:ruins                      ,"Lough Neagh is a large freshwater lake in Northern Ireland. It is the largest lake by area in the British Isles, with a surface area of 151…",https://media-cdn.sygictraveldata.com/media/poi:25715761,hiking
poi:56033      ,0.0089912642746528,54.2644415,-5.9555315,Castlewellan Castle                              ,sightseeing:castle                     ,                                                                                                                                              ,https://media-cdn.sygictraveldata.com/media/poi:56033   ,"hiking,sightseeing"
poi:7769       ,0.0086824370475377,54.555    ,-5.608    ,Mount Stewart                                    ,sightseeing                            ,"Mount Stewart is a 19th-century house and garden in County Down, Northern Ireland, owned by the National Trust."                             ,https://media-cdn.sygictraveldata.com/media/poi:7769    ,sightseeing
poi:3331524    ,0.0085822533054815,54.4580531,-7.8053766,Tully Castle                                     ,sightseeing:castle                     ,                                                                                                                                              ,https://media-cdn.sygictraveldata.com/media/poi:3331524 ,"hiking,sightseeing"
poi:56029      ,0.0083193829495584,54.4612894,-6.0859311,Hillsborough Castle                              ,discovering:museum                     ,                                                                                                                                              ,https://media-cdn.sygictraveldata.com/media/poi:56029   ,"discovering,hiking,sightseeing"
poi:3731775    ,0.0081397731884623,54.2907319,-5.7258859,Ballynoe Stone Circle                            ,hiking:megalith                        ,                                                                                                                                              ,https://media-cdn.sygictraveldata.com/media/poi:3731775 ,sightseeing
poi:64242      ,0.0074248332097262,54.9957518,-7.3268509,Free Derry Corner                                ,sightseeing:monument                   ,"Free Derry Corner is a historical landmark in the Bogside neighbourhood of Derry, Northern Ireland, which lies in the intersection of the…"  ,https://media-cdn.sygictraveldata.com/media/poi:64242   ,sightseeing
poi:64243      ,0.0073392572428991,54.9973349,-7.3208566,Tower Museum                                     ,discovering:museum                     ,"The Tower Museum is a museum on local history in Derry, County Londonderry, Northern Ireland."                                               ,https://media-cdn.sygictraveldata.com/media/poi:64243   ,"discovering,sightseeing"
poi:18438152   ,0.0071680459739418,54.7274907,-6.2679222,Shane's Castle                                   ,sightseeing:castle:ruins               ,                                                                                                                                              ,https://media-cdn.sygictraveldata.com/media/poi:18438152,"sightseeing,hiking"
poi:3837731    ,0.0071385960254253,54.3795542,-5.5720534,Audley's Castle                                  ,sightseeing:castle                     ,                                                                                                                                              ,https://media-cdn.sygictraveldata.com/media/poi:3837731 ,"hiking,sightseeing"
poi:3211940    ,0.0071153579980428,55.2333883,-6.5167174,Giants Causeway Information Centre               ,sightseeing                            ,                                                                                                                                              ,                                                        ,sightseeing
poi:56006      ,0.0069533137373677,54.3526338,-6.6590293,Saint Patrick's Cathedral (Roman Catholic)       ,other:place_of_worship:church:cathedral,                                                                                                                                              ,https://media-cdn.sygictraveldata.com/media/poi:56006   ,sightseeing
poi:7589       ,0.0069509517097645,54.6540999,-5.8018093,Ulster Folk & Transport Museum                   ,discovering:museum                     ,"The Ulster Folk and Transport Museum is situated in Cultra, Northern Ireland, about 11 kilometres east of the city of Belfast."              ,https://media-cdn.sygictraveldata.com/media/poi:7589    ,discovering
poi:56795      ,0.0069343412601787,54.3276457,-5.7214898,Down Cathedral                                   ,sightseeing                            ,"Down Cathedral, the Cathedral Church of the Holy and Undivided Trinity, is a Church of Ireland cathedral located in the town of Downpatrick…",https://media-cdn.sygictraveldata.com/media/poi:56795   ,sightseeing
poi:56038      ,0.0068248167903416,54.7015828,-6.9367032,Beaghmore Stone Circles                          ,sightseeing:archaeological_site        ,"Beaghmore is a complex of early Bronze Age megalithic features, stone circles and cairns, 8.5 miles north west of Cookstown, County Tyrone…" ,https://media-cdn.sygictraveldata.com/media/poi:56038   ,"hiking,sightseeing"
poi:7660       ,0.0066854521617491,54.348008 ,-6.6981726,Navan Fort                                       ,sightseeing:archaeological_site        ,"The mysterious hill, featured in many legends, had been a place of worship in Pre-Christian times. The site's museum is not to be missed."   ,https://media-cdn.sygictraveldata.com/media/poi:7660    ,"hiking,sightseeing"
poi:19247357   ,0.0064944552727664,54.5953522,-5.935319 ,Grand Opera House                                ,sightseeing:architecture               ,"The Grand Opera House is a theatre in Belfast, Northern Ireland, designed by the most prolific theatre architect of the period, Frank…"      ,                                                        ,"going_out,sightseeing"
poi:56030      ,0.0064938845942979,54.3272957,-5.7220483,St. Patricks Grave                               ,sightseeing:memorial                   ,                                                                                                                                              ,https://media-cdn.sygictraveldata.com/media/poi:56030   ,sightseeing
poi:25473309   ,0.0064908137332956,55.0673941,-6.0550855,Red Bay Castle                                   ,sightseeing:archaeological_site        ,                                                                                                                                              ,https://media-cdn.sygictraveldata.com/media/poi:25473309,sightseeing
poi:27270520   ,0.0061979556478488,55.1350473,-7.8641447,Doe Castle                                       ,sightseeing:castle                     ,"Doe Castle, or Caisleán na dTuath, near Creeslough, County Donegal, was the historical stronghold of Clan tSuibhne, with architectural…"     ,https://media-cdn.sygictraveldata.com/media/poi:27270520,"hiking,sightseeing"
poi:3818716    ,0.0061595900927836,54.9248137,-6.9211816,Dungiven Castle                                  ,sightseeing:castle                     ,                                                                                                                                              ,https://media-cdn.sygictraveldata.com/media/poi:3818716 ,"hiking,sightseeing"
poi:3879977    ,0.0061561689697223,55.1924504,-6.9633377,Martello tower                                   ,sightseeing:castle                     ,                                                                                                                                              ,https://media-cdn.sygictraveldata.com/media/poi:3879977 ,"hiking,sightseeing"
poi:21725444   ,0.00601748872843  ,54.7134685,-5.8062979,Carrickfergus Castle                             ,sightseeing:fort                       ,                                                                                                                                              ,https://media-cdn.sygictraveldata.com/media/poi:21725444,"hiking,sightseeing"
poi:64144      ,0.0060160331869425,55.000058 ,-7.3282447,Saint Eugene's Cathedral                         ,other:place_of_worship:church:cathedral,                                                                                                                                              ,https://media-cdn.sygictraveldata.com/media/poi:64144   ,sightseeing
poi:3923062    ,0.0059284356299462,54.1624412,-7.4439774,Old Crom Castle (Ruins)                          ,sightseeing:ruins                      ,"Crom Castle is situated on the shores of the Upper Lough Erne in County Fermanagh, Northern Ireland, and set within a 1,900-acre estate."    ,https://media-cdn.sygictraveldata.com/media/poi:3923062 ,"hiking,sightseeing"
poi:15037913   ,0.0057007183713397,55.1643285,-6.810544 ,Downhill House                                   ,other:building:manor_house             ,                                                                                                                                              ,https://media-cdn.sygictraveldata.com/media/poi:15037913,sightseeing
poi:19788511   ,0.0055954854176987,54.4025245,-5.6543365,Killyleagh Castle                                ,sightseeing:castle                     ,                                                                                                                                              ,https://media-cdn.sygictraveldata.com/media/poi:19788511,"hiking,sightseeing"
poi:55998      ,0.0054653359442206,55.159972 ,-6.806522 ,Downhill Demesne and Hezlett House               ,hiking                                 ,"Hezlett House is a 17th-century thatched cottage located in Castlerock, County Londonderry."                                                 ,https://media-cdn.sygictraveldata.com/media/poi:55998   ,"hiking,sightseeing"
poi:3650070    ,0.0054300542431527,54.9966682,-7.3254895,Bloody Sunday Monument                           ,sightseeing                            ,                                                                                                                                              ,                                                        ,sightseeing
poi:27506400   ,0.0053743368700265,54.3461182,-7.6451656,Enniskillen Castle                               ,sightseeing:castle                     ,"Enniskillen Castle is situated in Enniskillen, County Fermanagh, Northern Ireland."                                                          ,https://media-cdn.sygictraveldata.com/media/poi:27506400,"hiking,sightseeing"
poi:7766       ,0.0052683560028187,54.598855 ,-5.951648 ,Irish Republican History Museum                  ,discovering:museum                     ,"The Eileen Hickey Irish Republican History Museum,  is a museum in Belfast, Northern Ireland."                                               ,                                                        ,discovering
poi:3842565    ,0.0052019230769231,54.346431 ,-7.6406757,St. Macartin's Cathedral (Enniskillen Parish CoI),other:place_of_worship:church:cathedral,"St. Macartin's Cathedral, Enniskillen, is one of two cathedral churches in the Diocese of Clogher in the Church of Ireland."                 ,https://media-cdn.sygictraveldata.com/media/poi:3842565 ,sightseeing
poi:25441716   ,0.0051978628246814,54.2921042,-5.8366424,Clough Castle                                    ,sightseeing:castle                     ,"Clough Castle is the site of an Anglo-Norman motte-and-bailey situated in Clough, County Down, Northern Ireland, near the junction of the…"  ,https://media-cdn.sygictraveldata.com/media/poi:25441716,"hiking,sightseeing"
poi:31255774   ,0.0051130636604775,54.899253 ,-5.8612364,Ballygally Castle                                ,sightseeing:castle                     ,"Ballygally Castle is in the village of Ballygally, County Antrim, Northern Ireland, located approximately three miles north of Larne."       ,https://media-cdn.sygictraveldata.com/media/poi:31255774,"hiking,sightseeing"
poi:25451406   ,0.0051017089785275,54.2592466,-5.6065534,Jordan's Castle                                  ,sightseeing:castle:ruins               ,                                                                                                                                              ,https://media-cdn.sygictraveldata.com/media/poi:25451406,"hiking,sightseeing"
poi:8336005    ,0.0050697533839617,55.2324684,-7.498153 ,Gap of Marmore                                   ,sightseeing                            ,                                                                                                                                              ,                                                        ,sightseeing
poi:3236563    ,0.0050384526660143,54.9970431,-7.3257594,Free Derry Museum                                ,discovering:museum                     ,                                                                                                                                              ,https://media-cdn.sygictraveldata.com/media/poi:3236563 ,discovering
poi:36173652   ,0.0050344827586207,54.5847239,-5.941621 ,Architecture                                     ,sightseeing:architecture               ,                                                                                                                                              ,                                                        ,sightseeing
poi:27997160   ,0.0050275198938992,55.0106241,-7.3019397,Lough Foyle                                      ,other:water:river                      ,"Lough Foyle, sometimes Loch Foyle, is the estuary of the River Foyle, on the north coast of Ireland."                                        ,https://media-cdn.sygictraveldata.com/media/poi:27997160,hiking
poi:64249      ,0.0050043747453253,54.9939544,-7.3221929,Siege Heroes Memorial                            ,sightseeing:monument                   ,"Erected in 1927, the Diamond War Memorial is located on The Diamond in the centre of Derry, County Londonderry, Northern Ireland."           ,https://media-cdn.sygictraveldata.com/media/poi:64249   ,sightseeing
poi:31083974   ,0.0049824270557029,54.2921402,-5.836625 ,Clough Castle                                    ,sightseeing:castle                     ,"Clough Castle is the site of an Anglo-Norman motte-and-bailey situated in Clough, County Down, Northern Ireland, near the junction of the…"  ,https://media-cdn.sygictraveldata.com/media/poi:31083974,"hiking,sightseeing"
poi:3345659    ,0.004911237184301 ,54.136299 ,-6.4712944,Ballykeel Dolmen                                 ,sightseeing:monument                   ,                                                                                                                                              ,https://media-cdn.sygictraveldata.com/media/poi:3345659 ,sightseeing
poi:20491081   ,0.0046163139184673,55.0816239,-6.0629813,The Glens of Antrim                              ,hiking:valley                          ,"The Glens of Antrim, known locally as simply The Glens, is a region of County Antrim, Northern Ireland."                                     ,https://media-cdn.sygictraveldata.com/media/poi:20491081,"hiking,sightseeing"
poi:3282980    ,0.0044532922705352,54.5843705,-7.6900794,Drumskinny Stone Circle                          ,sightseeing:archaeological_site        ,                                                                                                                                              ,https://media-cdn.sygictraveldata.com/media/poi:3282980 ,sightseeing
poi:56200      ,0.0044125956444968,55.1421201,-7.2755671,Doagh Famine Village                             ,sightseeing                            ,                                                                                                                                              ,https://media-cdn.sygictraveldata.com/media/poi:56200   ,sightseeing
poi:56017      ,0.0043528602798026,54.604647 ,-5.9150058,W5                                               ,discovering:museum                     ,                                                                                                                                              ,https://media-cdn.sygictraveldata.com/media/poi:56017   ,discovering
poi:7768       ,0.0043196393806311,54.5925629,-5.9292653,Ormeau Baths                                     ,discovering:museum                     ,"One of England's prime contemporary art galleries, with exhibitions by the most famous artists."                                             ,https://media-cdn.sygictraveldata.com/media/poi:7768    ,discovering
poi:7588       ,0.0043047833567257,54.6594181,-7.3345093,Ulster American Folk Park                        ,discovering:museum                     ,Explores the fascinating collection between Ireland and America. The open-air museum provides an experience that is hard to forget.           ,https://media-cdn.sygictraveldata.com/media/poi:7588    ,discovering
poi:3290652    ,0.0040384526660143,54.3542648,-6.416559 ,Tayto Castle                                     ,sightseeing:castle                     ,                                                                                                                                              ,                                                        ,"hiking,sightseeing"
poi:3779344    ,0.0038388701498619,54.3778059,-5.5969746,Audleystown Court Cairn                          ,sightseeing:archaeological_site        ,                                                                                                                                              ,https://media-cdn.sygictraveldata.com/media/poi:3779344 ,sightseeing
poi:3878850    ,0.0038339181418934,54.6036015,-5.9275524,The MAC                                          ,discovering:gallery:art                ,                                                                                                                                              ,                                                        ,"discovering,going_out"
poi:22154332   ,0.0037556366047745,54.4486201,-7.1576731,Knockmany                                        ,hiking:megalith                        ,                                                                                                                                              ,https://media-cdn.sygictraveldata.com/media/poi:22154332,sightseeing
poi:21105878   ,0.0036055165831679,54.842783 ,-5.8007861,Olderfleet Castle (ruins)                        ,sightseeing:ruins                      ,                                                                                                                                              ,                                                        ,"hiking,sightseeing"
poi:16268663   ,0.0035288461538462,54.3485586,-6.6571754,Armagh Robinson Library                          ,discovering:museum                     ,                                                                                                                                              ,https://media-cdn.sygictraveldata.com/media/poi:16268663,"discovering,sightseeing"
poi:12726249   ,0.0035060240963855,55.1396336,-7.4640629,Buncrana Castle                                  ,sightseeing:castle                     ,                                                                                                                                              ,                                                        ,"hiking,sightseeing"
poi:3989786    ,0.0034708652148323,54.9936119,-7.3231532,Wall of Derry                                    ,sightseeing:city_wall                  ,                                                                                                                                              ,https://media-cdn.sygictraveldata.com/media/poi:3989786 ,sightseeing
poi:4010972    ,0.0030384526660143,55.2050234,-6.2308114,Ballycastle Beach                                ,relaxing:beach:sandy                   ,                                                                                                                                              ,                                                        ,"relaxing,hiking"
poi:3858543    ,0.0030344827586207,54.5960807,-5.9338025,Spires Centre                                    ,other:building:hall:exhibition         ,                                                                                                                                              ,                                                        ,"shopping,discovering"
poi:36148955   ,0.0029824270557029,54.8780002,-7.2504808,Altinaghree Castle                               ,sightseeing:castle                     ,"Altinaghree Castle or Liscloon House, known locally as Ogilby's Castle, is a large, derelict castle situated outside Donemana, County…"      ,                                                        ,"hiking,sightseeing"
poi:3791631    ,0.0029207363623062,55.2233428,-6.5308318,Runkerry Stand (Bushfoot)                        ,relaxing:beach:sandy                   ,                                                                                                                                              ,                                                        ,"relaxing,hiking"
poi:25707278   ,0.0029006223815198,55.0564721,-7.9368563,Glenveagh National Park Visitor Centre           ,sightseeing                            ,                                                                                                                                              ,                                                        ,sightseeing
poi:20382746   ,0.0028968832891247,54.6646243,-5.8294926,Belfast Lough                                    ,hiking                                 ,                                                                                                                                              ,                                                        ,hiking
poi:3400577    ,0.0028030200585982,55.202877 ,-6.2698111,Fairhead Caravan Park                            ,sleeping:camp_site                     ,                                                                                                                                              ,                                                        ,"sleeping,hiking"
poi:34020477   ,0.0027813404586952,55.1672628,-6.8324667,Downhill beach                                   ,sightseeing                            ,                                                                                                                                              ,                                                        ,sightseeing
poi:7767       ,0.0026512258342011,54.6005   ,-5.9299   ,Red Barn Gallery                                 ,discovering:museum                     ,"The Red Barn Gallery, or RBG Belfast, is a photography gallery and exhibition space in central Belfast, Northern Ireland, and the first…"    ,                                                        ,discovering
poi:7658       ,0.0026512258342011,54.604    ,-5.925    ,Golden Thread Gallery                            ,discovering:museum                     ,"The Golden Thread Gallery is a contemporary art space in Belfast, Northern Ireland."                                                         ,                                                        ,discovering
poi:5379247    ,0.0024807692307692,54.3203216,-6.8901068,Castle Leslie                                    ,sleeping:hotel                         ,                                                                                                                                              ,                                                        ,"sleeping,sightseeing"
poi:26631129   ,0.0024807692307692,54.9663573,-7.693702 ,Tropical World                                   ,discovering:zoo                        ,                                                                                                                                              ,                                                        ,"discovering,playing"
poi:36435963   ,0.0024807692307692,54.9491312,-7.7421075,Loreto Convent                                   ,sightseeing:architecture               ,                                                                                                                                              ,                                                        ,sightseeing
poi:3360037    ,0.0024807692307692,54.173049 ,-6.3359007,Bagenal's Castle                                 ,sightseeing:castle                     ,                                                                                                                                              ,                                                        ,"hiking,sightseeing"
poi:7807       ,0.002415793226785 ,54.535556 ,-5.978889 ,Lagan Valley                                     ,hiking                                 ,The Lagan Valley is an area of Northern Ireland between Belfast and Lisburn. The Lagan is a famous river that flows into Belfast Lough.       ,                                                        ,hiking
poi:3314940    ,0.0023531489111242,55.055439 ,-6.3334887,Lisanoure Castle                                 ,sightseeing:castle                     ,                                                                                                                                              ,                                                        ,"hiking,sightseeing"
poi:3863342    ,0.0023097353646942,54.3366836,-7.812891 ,Pollnagollum Cave                                ,hiking:cave                            ,"Pollnagollum–Poulelva is an active stream passage cave situated in County Clare, Ireland."                                                   ,                                                        ,"hiking,sightseeing"
poi:7991       ,0.0022881729071399,54.38341  ,-7.85677  ,Noon's Hole                                      ,hiking                                 ,"Noon's Hole lies about 5 km northwest of the centre of Boho, in the townland of Old Barr in the parish of Devenish, County Fermanagh, close…",                                                        ,hiking
poi:15574625   ,0.0022412108786106,54.7156375,-6.2243269,Antrim Castle                                    ,sightseeing:castle:ruins               ,                                                                                                                                              ,                                                        ,"hiking,sightseeing"
poi:7661       ,0.0021870670530176,54.3275106,-5.7190432,St. Patricks Visitor Centre                      ,discovering:museum                     ,"Devoted to Ireland's patron saint and subsequently, the Early Christian period in the country."                                              ,                                                        ,discovering
poi:12011750   ,0.0021223915305061,55.1396581,-7.4640857,Buncrana Castle                                  ,sightseeing:castle                     ,                                                                                                                                              ,                                                        ,"hiking,sightseeing"
poi:17331501   ,0.0021206054393053,54.3520421,-6.6487072,Armagh Planetarium                               ,discovering:planetarium                ,                                                                                                                                              ,                                                        ,discovering
poi:3278755    ,0.0021177163037081,54.4881865,-5.64809  ,Sketrick Castle (ruin)                           ,sightseeing:castle                     ,                                                                                                                                              ,                                                        ,"hiking,sightseeing"
poi:3207735    ,0.0021177163037081,54.8572389,-6.3169282,Galgorm Castle                                   ,sightseeing:castle                     ,                                                                                                                                              ,                                                        ,"hiking,sightseeing"
poi:3988598    ,0.0021177163037081,54.7544347,-5.7073338,Castle Chester                                   ,sightseeing:castle                     ,                                                                                                                                              ,                                                        ,"hiking,sightseeing"
poi:3929456    ,0.0021177163037081,54.2505735,-7.4451563,Castle Balfour                                   ,sightseeing:ruins                      ,                                                                                                                                              ,                                                        ,"hiking,sightseeing"
poi:3205340    ,0.0020872230583445,54.9934638,-6.4790281,Craigs Dolmen                                    ,sightseeing:archaeological_site        ,                                                                                                                                              ,                                                        ,sightseeing
poi:56009      ,0.012825741934295 ,54.5994992,-5.9322438,Kelly's Cellars                                  ,going_out:pub                          ,"Kellys Cellars is a pub in Belfast, Northern Ireland, situated at 30 Bank Street in the city centre."                                        ,https://media-cdn.sygictraveldata.com/media/poi:56009   ,going_out
poi:3702692    ,0.011480769230769 ,54.6030523,-5.9327592,The Sunflower Bar                                ,going_out:pub                          ,                                                                                                                                              ,                                                        ,going_out
poi:3202605    ,0.011117716303708 ,54.5755609,-5.9173488,Northern Lights                                  ,going_out:bar                          ,                                                                                                                                              ,                                                        ,going_out
poi:3804907    ,0.0095961272288121,54.6017768,-5.9273264,Duke of York                                     ,going_out:pub                          ,                                                                                                                                              ,https://media-cdn.sygictraveldata.com/media/poi:3804907 ,going_out
poi:15398663   ,0.0080186357616931,54.5946666,-5.9340457,The Crown Liquor Saloon                          ,going_out:pub                          ,"The Crown Liquor Saloon, also known as the Crown Bar, is a pub in Great Victoria Street in Belfast, Northern Ireland."                       ,https://media-cdn.sygictraveldata.com/media/poi:15398663,going_out
poi:3832761    ,0.005243700265252 ,54.59462  ,-5.9304849,Ulster Hall                                      ,discovering:theatre                    ,"The Ulster Hall  is a concert hall and grade A listed building in Belfast, Northern Ireland."                                                ,https://media-cdn.sygictraveldata.com/media/poi:3832761 ,going_out
poi:3156916    ,0.0049207363623062,54.6015875,-5.9264524,The Dirty Onion                                  ,going_out:pub                          ,                                                                                                                                              ,https://media-cdn.sygictraveldata.com/media/poi:3156916 ,going_out
poi:3864395    ,0.0042837892893674,54.5771925,-5.930901 ,Lyric Theatre                                    ,discovering:theatre                    ,                                                                                                                                              ,                                                        ,going_out
poi:3148135    ,0.0032019230769231,54.8277976,-7.4641392,Alley Theatre                                    ,discovering:theatre                    ,"The Alley Theatre is a theatre based in the heart of Strabane, County Tyrone, Northern Ireland."                                             ,                                                        ,going_out
poi:3328076    ,0.0029207363623062,54.4229916,-7.5945208,The Poachers Inn                                 ,going_out:pub                          ,                                                                                                                                              ,                                                        ,going_out
poi:3479823    ,0.0029207363623062,54.5417679,-6.3197953,The Gate Inn                                     ,going_out:pub                          ,                                                                                                                                              ,                                                        ,going_out
poi:15362039   ,0.0028417592854592,54.9963284,-7.3226001,The Nerve Centre                                 ,discovering:art_centre                 ,                                                                                                                                              ,                                                        ,going_out
poi:3321943    ,0.0028030200585982,54.5889777,-5.9344008,The Woodworkers                                  ,going_out:bar                          ,                                                                                                                                              ,                                                        ,going_out
poi:24499359   ,0.0027813404586952,54.9964206,-7.3181422,The Blackbird                                    ,going_out:pub                          ,                                                                                                                                              ,                                                        ,going_out
poi:24443423   ,0.0027813404586952,54.9974872,-7.3217754,Peadar O'Donnells                                ,going_out:pub                          ,                                                                                                                                              ,                                                        ,going_out
poi:3874232    ,0.0027211538461538,54.3372909,-7.6265189,Ardhowen Theatre                                 ,discovering:theatre                    ,"Ardhowen Theatre is a theatre in Enniskillen, County Fermanagh, Northern Ireland."                                                           ,                                                        ,going_out
poi:18594503   ,0.0026077170418006,54.5930022,-5.9319044,The Bridge House (Wetherspoons)                  ,going_out:pub                          ,                                                                                                                                              ,                                                        ,going_out
poi:18679803   ,0.0024807692307692,54.5116859,-6.0346101,Island Arts Centre                               ,discovering:theatre                    ,                                                                                                                                              ,                                                        ,going_out
poi:36118017   ,0.0024807692307692,54.1778046,-6.3376178,Sean Hollywood Arts Centre                       ,discovering:art_centre                 ,                                                                                                                                              ,                                                        ,going_out
poi:36159267   ,0.0024807692307692,54.6611736,-5.6682349,Boom! Studios                                    ,discovering:art_centre                 ,                                                                                                                                              ,                                                        ,going_out
poi:31049152   ,0.0024807692307692,54.5893742,-5.933987 ,Accidental Theatre                               ,discovering:theatre                    ,                                                                                                                                              ,                                                        ,going_out
poi:18846047   ,0.0021206054393053,54.5524272,-5.9335769,Belvoir Players Studio Theatre                   ,discovering:theatre                    ,                                                                                                                                              ,                                                        ,going_out
poi:3726991    ,0.0021177163037081,54.6020131,-5.9264838,Oh Yeah Centre                                   ,discovering:theatre                    ,                                                                                                                                              ,                                                        ,going_out
poi:10505487   ,0.0020357142857143,54.8003482,-7.7789526,Balor Arts Centre                                ,discovering:theatre                    ,                                                                                                                                              ,                                                        ,going_out
poi:35784649   ,0.0020344827586207,54.5772399,-5.9302778,Theatre                                          ,discovering:theatre                    ,                                                                                                                                              ,                                                        ,going_out
poi:3866376    ,0.002             ,55.1487533,-6.6782727,Riverside Theatre                                ,discovering:theatre                    ,                                                                                                                                              ,                                                        ,going_out
poi:5354385    ,0.002             ,54.9538816,-7.7322873,Letterkenny Regional Cultural Centre             ,discovering:art_centre                 ,                                                                                                                                              ,                                                        ,going_out
poi:16924486   ,0.002             ,54.7008037,-5.9563281,Ballyearl Arts and Leisure Centre                ,discovering:art_centre                 ,                                                                                                                                              ,                                                        ,"going_out,doing_sports"
poi:3909506    ,0.002             ,54.9959127,-7.3193551,Millennium Forum                                 ,discovering:theatre                    ,                                                                                                                                              ,                                                        ,going_out
poi:3341274    ,0.002             ,54.5951689,-5.6950823,Web Theatre                                      ,discovering:theatre                    ,                                                                                                                                              ,                                                        ,going_out
poi:3816062    ,0.002             ,54.6471045,-6.7466407,The Burnavon                                     ,discovering:theatre                    ,                                                                                                                                              ,                                                        ,going_out
poi:3183110    ,0.002             ,54.8551816,-5.8024735,McNeill Theatre                                  ,discovering:theatre                    ,                                                                                                                                              ,                                                        ,going_out
poi:36021587   ,0.002             ,54.6623927,-5.6698247,The Hub                                          ,discovering:art_centre                 ,                                                                                                                                              ,                                                        ,going_out
poi:3708635    ,0.002             ,54.6016408,-5.9269815,The Black Box                                    ,discovering:theatre                    ,                                                                                                                                              ,                                                        ,going_out
poi:24468801   ,0.002             ,54.4274773,-6.4470517,Amphitheater                                     ,discovering:theatre                    ,                                                                                                                                              ,                                                        ,going_out
poi:3279035    ,0.002             ,54.9944692,-7.3208131,The Playhouse                                    ,discovering:theatre                    ,                                                                                                                                              ,                                                        ,going_out
poi:5625812    ,0.002             ,54.2475379,-6.9722397,The Markethouse                                  ,discovering:art_centre                 ,                                                                                                                                              ,                                                        ,going_out
poi:25718219   ,0.002             ,54.8909913,-5.8469126,Amphitheater Carnfunnock                         ,discovering:theatre                    ,                                                                                                                                              ,                                                        ,going_out
poi:3703392    ,0.002             ,54.5878783,-5.9350074,Crescent Arts Centre                             ,discovering:art_centre                 ,                                                                                                                                              ,                                                        ,going_out
poi:5350904    ,0.002             ,54.9533879,-7.7318991,An Grianan Theatre                               ,discovering:theatre                    ,                                                                                                                                              ,                                                        ,going_out
poi:19999687   ,0.002             ,54.5921405,-5.9610939,Cultúrlann McAdam Ó Fiaich                       ,discovering:art_centre                 ,                                                                                                                                              ,                                                        ,going_out
poi:17328704   ,0.002             ,54.348274 ,-6.6544247,Market Place Theatre and Arts Centre             ,discovering:theatre                    ,                                                                                                                                              ,                                                        ,going_out
poi:20780879   ,0.002             ,54.5893826,-5.9339548,Accidental Theatre                               ,discovering:art_centre                 ,                                                                                                                                              ,                                                        ,going_out
poi:3364828    ,0.002             ,54.3481557,-6.6545256,Market Place Theatre                             ,discovering:theatre                    ,                                                                                                                                              ,                                                        ,going_out
poi:17434478   ,0.002             ,54.346244 ,-6.6534118,Abbey Lane Theatre                               ,discovering:theatre                    ,                                                                                                                                              ,                                                        ,going_out
poi:31110371   ,0.002             ,55.1711333,-6.7080145,Flowerfield Arts Centre                          ,discovering:art_centre                 ,                                                                                                                                              ,                                                        ,going_out
poi:7130727    ,0.002             ,55.1790085,-7.9775581,Union Fever Hospital                             ,discovering:art_centre                 ,                                                                                                                                              ,                                                        ,going_out
poi:22112586   ,0.0017211538461538,54.5810117,-5.9385943,Botanic Inn                                      ,going_out:pub                          ,                                                                                                                                              ,                                                        ,going_out
poi:3813588    ,0.0015984855344773,54.7174847,-7.2335015,Mosseys Bar                                      ,going_out:pub                          ,                                                                                                                                              ,                                                        ,going_out
poi:3250043    ,0.0015288461538462,54.4500001,-5.7632733,The Oaks                                         ,going_out:pub                          ,                                                                                                                                              ,                                                        ,going_out
poi:3250057    ,0.0015288461538462,54.3971807,-5.7627923,The Villager                                     ,going_out:pub                          ,                                                                                                                                              ,                                                        ,going_out
poi:3811510    ,0.0015288461538462,54.8261089,-7.4641056,The Central                                      ,going_out:bar                          ,                                                                                                                                              ,                                                        ,going_out
poi:35488280   ,0.0014807692307692,54.6017747,-5.9321312,Peaky Blinders Bar Belfast                       ,going_out:bar                          ,                                                                                                                                              ,                                                        ,going_out
poi:3638705    ,0.0014807692307692,54.5808508,-5.9380619,Ye Olde Eglantine Inn                            ,going_out:pub                          ,                                                                                                                                              ,                                                        ,going_out
poi:3816143    ,0.0014807692307692,54.879118 ,-6.2917941,The Countryman Inn                               ,going_out:pub                          ,                                                                                                                                              ,                                                        ,going_out
poi:20597158   ,0.0014807692307692,54.9822851,-7.727041 ,McCafferty's Bar                                 ,going_out:pub                          ,                                                                                                                                              ,                                                        ,going_out
poi:3812926    ,0.0014807692307692,54.5928685,-5.9285112,The Limelight                                    ,going_out:club:nightclub               ,                                                                                                                                              ,                                                        ,going_out
poi:3230303    ,0.0014807692307692,54.7574755,-6.610344 ,Bryson's Bar                                     ,going_out:bar                          ,                                                                                                                                              ,                                                        ,going_out
poi:28654760   ,0.0014807692307692,54.5952384,-5.9328399,Sweet Afton Bar and Kitchen                      ,going_out:bar                          ,                                                                                                                                              ,                                                        ,going_out
poi:12638101   ,0.0014807692307692,55.2090185,-7.818994 ,Singing Pub                                      ,going_out:pub                          ,                                                                                                                                              ,                                                        ,going_out
poi:18884131   ,0.0014807692307692,54.5881774,-5.932645 ,The Belfast Empire Music Hall                    ,going_out:pub                          ,                                                                                                                                              ,                                                        ,"going_out,shopping"
poi:3688330    ,0.0014807692307692,54.5558868,-5.8938191,Four Winds                                       ,going_out:pub                          ,                                                                                                                                              ,                                                        ,going_out
poi:36407050   ,0.0014807692307692,54.6614347,-5.6672497,The Goat's Toe                                   ,going_out:bar                          ,                                                                                                                                              ,                                                        ,going_out
poi:9638583    ,0.0014807692307692,54.2486747,-6.9683852,The Squealing Pig                                ,going_out:pub                          ,                                                                                                                                              ,                                                        ,going_out
poi:22112584   ,0.0014807692307692,54.5808507,-5.9380062,Ye Olde Eglantine Inn                            ,going_out:pub                          ,                                                                                                                                              ,                                                        ,going_out
poi:3716331    ,0.0014807692307692,54.8279124,-7.4659835,Ruby's Bar and Nightclub                         ,going_out:club:nightclub               ,                                                                                                                                              ,                                                        ,going_out
poi:3334893    ,0.0014807692307692,54.5890182,-5.9343848,Laverys Bar                                      ,going_out:pub                          ,                                                                                                                                              ,                                                        ,going_out
poi:27185776   ,0.0014807692307692,54.9841432,-6.6869828,Wendy's Pub                                      ,going_out:pub                          ,                                                                                                                                              ,                                                        ,going_out
poi:3337122    ,0.0014807692307692,54.595938 ,-5.9324349,The Washington Bar                               ,going_out:pub                          ,                                                                                                                                              ,                                                        ,going_out
poi:3234994    ,0.0014807692307692,54.6005904,-5.9277758,The Northern Whig                                ,going_out:bar                          ,                                                                                                                                              ,                                                        ,"going_out,eating"
poi:3842817    ,0.0014807692307692,54.6292432,-5.9139801,Portside Inn                                     ,going_out:pub                          ,                                                                                                                                              ,                                                        ,going_out
poi:15258250   ,0.0014807692307692,55.1242578,-7.1964674,The Point Inn                                    ,going_out:pub                          ,                                                                                                                                              ,                                                        ,going_out
poi:3741977    ,0.0014807692307692,54.5889055,-5.9350746,Alibi                                            ,going_out:club:nightclub               ,                                                                                                                                              ,                                                        ,going_out
poi:28566439   ,0.0014807692307692,54.345526 ,-7.640641 ,Level 7                                          ,going_out:club:nightclub               ,                                                                                                                                              ,                                                        ,going_out
poi:9684915    ,0.0014807692307692,54.9521595,-7.7357726,Warehouse Bar                                    ,going_out:club:nightclub               ,                                                                                                                                              ,                                                        ,going_out
poi:10249363   ,0.0014807692307692,54.258403 ,-6.9613416,Mexx Nitelife                                    ,going_out:bar                          ,                                                                                                                                              ,                                                        ,going_out
poi:36024557   ,0.0014807692307692,54.6633355,-5.6664669,Wolseys                                          ,going_out:bar                          ,                                                                                                                                              ,                                                        ,going_out
poi:3404507    ,0.0014807692307692,54.9961875,-7.3176526,Sandinos                                         ,going_out:pub                          ,                                                                                                                                              ,                                                        ,going_out
poi:3147550    ,0.0014807692307692,54.828    ,-7.4657798,The Harp And Fiddle                              ,going_out:bar                          ,                                                                                                                                              ,                                                        ,going_out
poi:3258005    ,0.0014807692307692,54.2413667,-5.8991845,The Maghera Inn                                  ,going_out:pub                          ,                                                                                                                                              ,                                                        ,going_out
poi:3640944    ,0.0012354326074161,54.5809885,-5.9385567,The Botanic Inn                                  ,going_out:pub                          ,                                                                                                                                              ,                                                        ,going_out
poi:3309870    ,0.0012354326074161,55.2326089,-6.5161149,The Nook                                         ,going_out:pub                          ,                                                                                                                                              ,                                                        ,going_out
poi:56201      ,0.001165793226785 ,55.126373 ,-7.811949 ,Olde Glen Bar and Restaurant                     ,eating                                 ,                                                                                                                                              ,                                                        ,"eating,going_out"
poi:21747956   ,0.0011206054393053,54.1781806,-7.2329015,The Round Tower                                  ,going_out:pub                          ,                                                                                                                                              ,                                                        ,going_out
poi:16899978   ,0.0011206054393053,54.5949726,-5.9324659,The Perch Rooftop Bar                            ,going_out:bar                          ,                                                                                                                                              ,                                                        ,going_out
poi:24441691   ,0.0011192819228246,54.9949104,-7.3200661,The Bentley                                      ,going_out:bar                          ,                                                                                                                                              ,                                                        ,going_out
poi:26930142   ,0.0011192819228246,54.6008339,-5.9231295,McHugh's                                         ,going_out:pub                          ,                                                                                                                                              ,                                                        ,going_out
poi:3755084    ,0.0011177163037081,55.2365357,-6.3572393,Rope Bridge Pub & Restaurant                     ,going_out:pub                          ,                                                                                                                                              ,                                                        ,"going_out,shopping"
poi:3541139    ,0.0011177163037081,54.5947977,-5.9341147,Robinsons                                        ,going_out:pub                          ,                                                                                                                                              ,                                                        ,going_out
poi:3360286    ,0.0011177163037081,54.9992567,-7.3219484,Grand Central Bar                                ,going_out:pub                          ,                                                                                                                                              ,                                                        ,going_out
poi:3132641    ,0.0011177163037081,54.6000461,-5.9332312,Madden's                                         ,going_out:pub                          ,                                                                                                                                              ,                                                        ,going_out
poi:3156734    ,0.0011177163037081,54.600968 ,-5.9262819,The Spaniard                                     ,going_out:pub                          ,                                                                                                                                              ,                                                        ,going_out
poi:3607397    ,0.0011177163037081,54.5994198,-5.9262768,Morning Star                                     ,going_out:pub                          ,                                                                                                                                              ,                                                        ,going_out
poi:3690793    ,0.0011177163037081,54.5969638,-5.931764 ,The Apartment                                    ,going_out:pub                          ,                                                                                                                                              ,                                                        ,going_out
poi:3233441    ,0.0011177163037081,54.6000967,-5.9284648,White's Tavern                                   ,going_out:bar                          ,                                                                                                                                              ,                                                        ,going_out
poi:3259382    ,0.0011177163037081,55.2013433,-6.249798 ,O'Connors Bar                                    ,going_out:pub                          ,                                                                                                                                              ,                                                        ,going_out
poi:3782809    ,0.0011177163037081,54.5900532,-5.9273781,The Hideout                                      ,going_out:pub                          ,                                                                                                                                              ,                                                        ,going_out
